fetched_date,iso_week,publication,cover_week,cover_period,province,location,weeks
2026-07-10,2026-W28,wanneer-herexamen,27,29 juni - 5 juli,Zuid-Holland,Leiden,1-4
2026-07-10,2026-W28,wanneer-herexamen,27,29 juni - 5 juli,Zuid-Holland,Zoetermeer,1-4
2026-07-10,2026-W28,wanneer-herexamen,27,29 juni - 5 juli,Zuid-Holland,Rijswijk,1-4
2026-07-10,2026-W28,wanneer-herexamen,27,29 juni - 5 juli,Zuid-Holland,Gouda,1-4
2026-07-10,2026-W28,wanneer-herexamen,27,29 juni - 5 juli,Zuid-Holland,Schelluinen,5
2026-07-10,2026-W28,wanneer-herexamen,27,29 juni - 5 juli,Zuid-Holland,Dordrecht,1-4
2026-07-10,2026-W28,wanneer-herexamen,27,29 juni - 5 juli,Zuid-Holland,Rotterdam,1-4
2026-07-10,2026-W28,wanneer-herexamen,27,29 juni - 5 juli,Zuid-Holland,Spijkenisse,1-4
2026-07-10,2026-W28,wanneer-herexamen,27,29 juni - 5 juli,Zuid-Holland,Barendrecht,1-4
2026-07-10,2026-W28,wanneer-herexamen,27,29 juni - 5 juli,Zeeland,Goes,1-4
2026-07-10,2026-W28,wanneer-herexamen,27,29 juni - 5 juli,Zeeland,Vlissingen,1-4
2026-07-10,2026-W28,wanneer-herexamen,27,29 juni - 5 juli,Zeeland,Terneuzen,1-4
2026-07-10,2026-W28,wanneer-herexamen,27,29 juni - 5 juli,Flevoland,Emmeloord,1-4
2026-07-10,2026-W28,wanneer-herexamen,27,29 juni - 5 juli,Friesland,Leeuwarden,1-4
2026-07-10,2026-W28,wanneer-herexamen,27,29 juni - 5 juli,Friesland,Sneek,1-4
2026-07-10,2026-W28,wanneer-herexamen,27,29 juni - 5 juli,Friesland,Heerenveen,1-4
2026-07-10,2026-W28,wanneer-herexamen,27,29 juni - 5 juli,Gelderland,Harderwijk,1-4
2026-07-10,2026-W28,wanneer-herexamen,27,29 juni - 5 juli,Gelderland,Arnhem,5
2026-07-10,2026-W28,wanneer-herexamen,27,29 juni - 5 juli,Gelderland,Doetinchem,1-4
2026-07-10,2026-W28,wanneer-herexamen,27,29 juni - 5 juli,Gelderland,Tiel,1-4
2026-07-10,2026-W28,wanneer-herexamen,27,29 juni - 5 juli,Gelderland,Nijmegen,1-4
2026-07-10,2026-W28,wanneer-herexamen,27,29 juni - 5 juli,Gelderland,Apeldoorn,1-4
2026-07-10,2026-W28,wanneer-herexamen,27,29 juni - 5 juli,Groningen,Groningen,1-4
2026-07-10,2026-W28,wanneer-herexamen,27,29 juni - 5 juli,Groningen,Winschoten,1-4
2026-07-10,2026-W28,wanneer-herexamen,27,29 juni - 5 juli,Limburg,Kerkrade,1-4
2026-07-10,2026-W28,wanneer-herexamen,27,29 juni - 5 juli,Limburg,Maastricht,1-4
2026-07-10,2026-W28,wanneer-herexamen,27,29 juni - 5 juli,Limburg,Urmond,1-4
2026-07-10,2026-W28,wanneer-herexamen,27,29 juni - 5 juli,Limburg,Venlo,1-4
2026-07-10,2026-W28,wanneer-herexamen,27,29 juni - 5 juli,Limburg,Weert,1-4
2026-07-10,2026-W28,wanneer-herexamen,27,29 juni - 5 juli,Limburg,Roermond,1-4
2026-07-10,2026-W28,wanneer-herexamen,27,29 juni - 5 juli,Noord-Brabant,Breda,1-4
2026-07-10,2026-W28,wanneer-herexamen,27,29 juni - 5 juli,Noord-Brabant,Berkel-Enschot,1-4
2026-07-10,2026-W28,wanneer-herexamen,27,29 juni - 5 juli,Noord-Brabant,Bergen op Zoom,1-4
2026-07-10,2026-W28,wanneer-herexamen,27,29 juni - 5 juli,Noord-Brabant,Den Bosch,1-4
2026-07-10,2026-W28,wanneer-herexamen,27,29 juni - 5 juli,Noord-Brabant,Eindhoven,1-4
2026-07-10,2026-W28,wanneer-herexamen,27,29 juni - 5 juli,Noord-Brabant,Mierlo,1-4
2026-07-10,2026-W28,wanneer-herexamen,27,29 juni - 5 juli,Noord-Holland,Hoorn,1-4
2026-07-10,2026-W28,wanneer-herexamen,27,29 juni - 5 juli,Noord-Holland,Den Helder,1-4
2026-07-10,2026-W28,wanneer-herexamen,27,29 juni - 5 juli,Noord-Holland,Alkmaar,1-4
2026-07-10,2026-W28,wanneer-herexamen,27,29 juni - 5 juli,Noord-Holland,Zaandam,1-4
2026-07-10,2026-W28,wanneer-herexamen,27,29 juni - 5 juli,Noord-Holland,Haarlem,1-4
2026-07-10,2026-W28,wanneer-herexamen,27,29 juni - 5 juli,Noord-Holland,Amsterdam,1-4
2026-07-10,2026-W28,wanneer-herexamen,27,29 juni - 5 juli,Overijssel,Zwolle,1-4
2026-07-10,2026-W28,wanneer-herexamen,27,29 juni - 5 juli,Overijssel,Almelo,1-4
2026-07-10,2026-W28,wanneer-herexamen,27,29 juni - 5 juli,Overijssel,Deventer,1-4
2026-07-10,2026-W28,wanneer-herexamen,27,29 juni - 5 juli,Overijssel,Hengelo,1-4
2026-07-10,2026-W28,wanneer-herexamen,27,29 juni - 5 juli,Utrecht,Utrecht,1-4
2026-07-10,2026-W28,wanneer-herexamen,27,29 juni - 5 juli,Utrecht,Eemnes,1-4
2026-07-10,2026-W28,wanneer-herexamen,27,29 juni - 5 juli,Utrecht,Leusden,1-4
2026-07-10,2026-W28,wanneer-herexamen,27,29 juni - 5 juli,Drenthe,Assen,1-4
2026-07-10,2026-W28,wanneer-herexamen,27,29 juni - 5 juli,Drenthe,Emmen,1-4
2026-07-10,2026-W28,wanneer-herexamen,27,29 juni - 5 juli,Drenthe,Hoogeveen,1-4
2026-07-10,2026-W28,wanneer-herexamen,27,29 juni - 5 juli,Drenthe,Meppel,1-4
2026-07-10,2026-W28,wanneer-praktijkexamen,27,29 juni - 5 juli,Zuid-Holland,Leiden,7
2026-07-10,2026-W28,wanneer-praktijkexamen,27,29 juni - 5 juli,Zuid-Holland,Zoetermeer,7
2026-07-10,2026-W28,wanneer-praktijkexamen,27,29 juni - 5 juli,Zuid-Holland,Rijswijk,7
2026-07-10,2026-W28,wanneer-praktijkexamen,27,29 juni - 5 juli,Zuid-Holland,Gouda,7
2026-07-10,2026-W28,wanneer-praktijkexamen,27,29 juni - 5 juli,Zuid-Holland,Schelluinen,7
2026-07-10,2026-W28,wanneer-praktijkexamen,27,29 juni - 5 juli,Zuid-Holland,Dordrecht,7
2026-07-10,2026-W28,wanneer-praktijkexamen,27,29 juni - 5 juli,Zuid-Holland,Rotterdam,7
2026-07-10,2026-W28,wanneer-praktijkexamen,27,29 juni - 5 juli,Zuid-Holland,Spijkenisse,7
2026-07-10,2026-W28,wanneer-praktijkexamen,27,29 juni - 5 juli,Zuid-Holland,Barendrecht,7
2026-07-10,2026-W28,wanneer-praktijkexamen,27,29 juni - 5 juli,Zeeland,Goes,6
2026-07-10,2026-W28,wanneer-praktijkexamen,27,29 juni - 5 juli,Zeeland,Vlissingen,6
2026-07-10,2026-W28,wanneer-praktijkexamen,27,29 juni - 5 juli,Zeeland,Terneuzen,7
2026-07-10,2026-W28,wanneer-praktijkexamen,27,29 juni - 5 juli,Flevoland,Emmeloord,7
2026-07-10,2026-W28,wanneer-praktijkexamen,27,29 juni - 5 juli,Friesland,Leeuwarden,7
2026-07-10,2026-W28,wanneer-praktijkexamen,27,29 juni - 5 juli,Friesland,Sneek,7
2026-07-10,2026-W28,wanneer-praktijkexamen,27,29 juni - 5 juli,Friesland,Heerenveen,5
2026-07-10,2026-W28,wanneer-praktijkexamen,27,29 juni - 5 juli,Gelderland,Harderwijk,7
2026-07-10,2026-W28,wanneer-praktijkexamen,27,29 juni - 5 juli,Gelderland,Arnhem,7
2026-07-10,2026-W28,wanneer-praktijkexamen,27,29 juni - 5 juli,Gelderland,Doetinchem,7
2026-07-10,2026-W28,wanneer-praktijkexamen,27,29 juni - 5 juli,Gelderland,Tiel,7
2026-07-10,2026-W28,wanneer-praktijkexamen,27,29 juni - 5 juli,Gelderland,Apeldoorn,7
2026-07-10,2026-W28,wanneer-praktijkexamen,27,29 juni - 5 juli,Gelderland,Nijmegen,7
2026-07-10,2026-W28,wanneer-praktijkexamen,27,29 juni - 5 juli,Groningen,Groningen,7
2026-07-10,2026-W28,wanneer-praktijkexamen,27,29 juni - 5 juli,Groningen,Winschoten,7
2026-07-10,2026-W28,wanneer-praktijkexamen,27,29 juni - 5 juli,Limburg,Kerkrade,7
2026-07-10,2026-W28,wanneer-praktijkexamen,27,29 juni - 5 juli,Limburg,Maastricht,7
2026-07-10,2026-W28,wanneer-praktijkexamen,27,29 juni - 5 juli,Limburg,Urmond,7
2026-07-10,2026-W28,wanneer-praktijkexamen,27,29 juni - 5 juli,Limburg,Venlo,7
2026-07-10,2026-W28,wanneer-praktijkexamen,27,29 juni - 5 juli,Limburg,Weert,7
2026-07-10,2026-W28,wanneer-praktijkexamen,27,29 juni - 5 juli,Limburg,Roermond,7
2026-07-10,2026-W28,wanneer-praktijkexamen,27,29 juni - 5 juli,Noord-Brabant,Breda,7
2026-07-10,2026-W28,wanneer-praktijkexamen,27,29 juni - 5 juli,Noord-Brabant,Berkel-Enschot,7
2026-07-10,2026-W28,wanneer-praktijkexamen,27,29 juni - 5 juli,Noord-Brabant,Bergen op Zoom,7
2026-07-10,2026-W28,wanneer-praktijkexamen,27,29 juni - 5 juli,Noord-Brabant,Den Bosch,7
2026-07-10,2026-W28,wanneer-praktijkexamen,27,29 juni - 5 juli,Noord-Brabant,Eindhoven,7
2026-07-10,2026-W28,wanneer-praktijkexamen,27,29 juni - 5 juli,Noord-Brabant,Mierlo,7
2026-07-10,2026-W28,wanneer-praktijkexamen,27,29 juni - 5 juli,Noord-Holland,Hoorn,7
2026-07-10,2026-W28,wanneer-praktijkexamen,27,29 juni - 5 juli,Noord-Holland,Den Helder,6
2026-07-10,2026-W28,wanneer-praktijkexamen,27,29 juni - 5 juli,Noord-Holland,Alkmaar,7
2026-07-10,2026-W28,wanneer-praktijkexamen,27,29 juni - 5 juli,Noord-Holland,Zaandam,7
2026-07-10,2026-W28,wanneer-praktijkexamen,27,29 juni - 5 juli,Noord-Holland,Haarlem,7
2026-07-10,2026-W28,wanneer-praktijkexamen,27,29 juni - 5 juli,Noord-Holland,Amsterdam,7
2026-07-10,2026-W28,wanneer-praktijkexamen,27,29 juni - 5 juli,Overijssel,Zwolle,7
2026-07-10,2026-W28,wanneer-praktijkexamen,27,29 juni - 5 juli,Overijssel,Almelo,7
2026-07-10,2026-W28,wanneer-praktijkexamen,27,29 juni - 5 juli,Overijssel,Deventer,7
2026-07-10,2026-W28,wanneer-praktijkexamen,27,29 juni - 5 juli,Overijssel,Hengelo,7
2026-07-10,2026-W28,wanneer-praktijkexamen,27,29 juni - 5 juli,Utrecht,Utrecht,7
2026-07-10,2026-W28,wanneer-praktijkexamen,27,29 juni - 5 juli,Utrecht,Eemnes,7
2026-07-10,2026-W28,wanneer-praktijkexamen,27,29 juni - 5 juli,Utrecht,Leusden,7
2026-07-10,2026-W28,wanneer-praktijkexamen,27,29 juni - 5 juli,Drenthe,Assen,5
2026-07-10,2026-W28,wanneer-praktijkexamen,27,29 juni - 5 juli,Drenthe,Emmen,7
2026-07-10,2026-W28,wanneer-praktijkexamen,27,29 juni - 5 juli,Drenthe,Hoogeveen,6
2026-07-10,2026-W28,wanneer-praktijkexamen,27,29 juni - 5 juli,Drenthe,Meppel,7
2026-07-10,2026-W28,wanneer-theorie-examen,27,29 juni - 5 juli,Drenthe,Hoogeveen,3
2026-07-10,2026-W28,wanneer-theorie-examen,27,29 juni - 5 juli,Friesland,Leeuwarden,2
2026-07-10,2026-W28,wanneer-theorie-examen,27,29 juni - 5 juli,Gelderland,Arnhem,2
2026-07-10,2026-W28,wanneer-theorie-examen,27,29 juni - 5 juli,Groningen,Groningen,2
2026-07-10,2026-W28,wanneer-theorie-examen,27,29 juni - 5 juli,Limburg,Venlo-Blerick,1
2026-07-10,2026-W28,wanneer-theorie-examen,27,29 juni - 5 juli,Limburg,Roermond,1
2026-07-10,2026-W28,wanneer-theorie-examen,27,29 juni - 5 juli,Noord-Brabant,Breda,1
2026-07-10,2026-W28,wanneer-theorie-examen,27,29 juni - 5 juli,Noord-Brabant,Eindhoven,1
2026-07-10,2026-W28,wanneer-theorie-examen,27,29 juni - 5 juli,Noord-Holland,Alkmaar,2
2026-07-10,2026-W28,wanneer-theorie-examen,27,29 juni - 5 juli,Noord-Holland,Haarlem,2
2026-07-10,2026-W28,wanneer-theorie-examen,27,29 juni - 5 juli,Noord-Holland,Amsterdam,1
2026-07-10,2026-W28,wanneer-theorie-examen,27,29 juni - 5 juli,Overijssel,Zwolle,2
2026-07-10,2026-W28,wanneer-theorie-examen,27,29 juni - 5 juli,Overijssel,Deventer,2
2026-07-10,2026-W28,wanneer-theorie-examen,27,29 juni - 5 juli,Overijssel,Hengelo,2
2026-07-10,2026-W28,wanneer-theorie-examen,27,29 juni - 5 juli,Utrecht,Utrecht,2
2026-07-10,2026-W28,wanneer-theorie-examen,27,29 juni - 5 juli,Utrecht,Leusden,2
2026-07-10,2026-W28,wanneer-theorie-examen,27,29 juni - 5 juli,Zeeland,Goes,2
2026-07-10,2026-W28,wanneer-theorie-examen,27,29 juni - 5 juli,Zuid-Holland,Barendrecht,1
2026-07-10,2026-W28,wanneer-theorie-examen,27,29 juni - 5 juli,Zuid-Holland,Schelluinen,1
2026-07-10,2026-W28,wanneer-theorie-examen,27,29 juni - 5 juli,Zuid-Holland,Rijswijk,2
2026-07-15,2026-W29,wanneer-herexamen,28,6 juli - 12 juli,Zuid-Holland,Leiden,6
2026-07-15,2026-W29,wanneer-herexamen,28,6 juli - 12 juli,Zuid-Holland,Zoetermeer,1-4
2026-07-15,2026-W29,wanneer-herexamen,28,6 juli - 12 juli,Zuid-Holland,Rijswijk,1-4
2026-07-15,2026-W29,wanneer-herexamen,28,6 juli - 12 juli,Zuid-Holland,Gouda,1-4
2026-07-15,2026-W29,wanneer-herexamen,28,6 juli - 12 juli,Zuid-Holland,Schelluinen,1-4
2026-07-15,2026-W29,wanneer-herexamen,28,6 juli - 12 juli,Zuid-Holland,Dordrecht,1-4
2026-07-15,2026-W29,wanneer-herexamen,28,6 juli - 12 juli,Zuid-Holland,Rotterdam,1-4
2026-07-15,2026-W29,wanneer-herexamen,28,6 juli - 12 juli,Zuid-Holland,Spijkenisse,1-4
2026-07-15,2026-W29,wanneer-herexamen,28,6 juli - 12 juli,Zuid-Holland,Barendrecht,1-4
2026-07-15,2026-W29,wanneer-herexamen,28,6 juli - 12 juli,Zeeland,Goes,1-4
2026-07-15,2026-W29,wanneer-herexamen,28,6 juli - 12 juli,Zeeland,Vlissingen,1-4
2026-07-15,2026-W29,wanneer-herexamen,28,6 juli - 12 juli,Zeeland,Terneuzen,1-4
2026-07-15,2026-W29,wanneer-herexamen,28,6 juli - 12 juli,Flevoland,Emmeloord,1-4
2026-07-15,2026-W29,wanneer-herexamen,28,6 juli - 12 juli,Friesland,Leeuwarden,1-4
2026-07-15,2026-W29,wanneer-herexamen,28,6 juli - 12 juli,Friesland,Sneek,1-4
2026-07-15,2026-W29,wanneer-herexamen,28,6 juli - 12 juli,Friesland,Heerenveen,1-4
2026-07-15,2026-W29,wanneer-herexamen,28,6 juli - 12 juli,Gelderland,Harderwijk,1-4
2026-07-15,2026-W29,wanneer-herexamen,28,6 juli - 12 juli,Gelderland,Arnhem,1-4
2026-07-15,2026-W29,wanneer-herexamen,28,6 juli - 12 juli,Gelderland,Doetinchem,1-4
2026-07-15,2026-W29,wanneer-herexamen,28,6 juli - 12 juli,Gelderland,Tiel,1-4
2026-07-15,2026-W29,wanneer-herexamen,28,6 juli - 12 juli,Gelderland,Nijmegen,1-4
2026-07-15,2026-W29,wanneer-herexamen,28,6 juli - 12 juli,Gelderland,Apeldoorn,1-4
2026-07-15,2026-W29,wanneer-herexamen,28,6 juli - 12 juli,Groningen,Groningen,1-4
2026-07-15,2026-W29,wanneer-herexamen,28,6 juli - 12 juli,Groningen,Winschoten,1-4
2026-07-15,2026-W29,wanneer-herexamen,28,6 juli - 12 juli,Limburg,Kerkrade,1-4
2026-07-15,2026-W29,wanneer-herexamen,28,6 juli - 12 juli,Limburg,Maastricht,1-4
2026-07-15,2026-W29,wanneer-herexamen,28,6 juli - 12 juli,Limburg,Urmond,1-4
2026-07-15,2026-W29,wanneer-herexamen,28,6 juli - 12 juli,Limburg,Venlo,1-4
2026-07-15,2026-W29,wanneer-herexamen,28,6 juli - 12 juli,Limburg,Weert,1-4
2026-07-15,2026-W29,wanneer-herexamen,28,6 juli - 12 juli,Limburg,Roermond,1-4
2026-07-15,2026-W29,wanneer-herexamen,28,6 juli - 12 juli,Noord-Brabant,Breda,1-4
2026-07-15,2026-W29,wanneer-herexamen,28,6 juli - 12 juli,Noord-Brabant,Berkel-Enschot,1-4
2026-07-15,2026-W29,wanneer-herexamen,28,6 juli - 12 juli,Noord-Brabant,Bergen op Zoom,1-4
2026-07-15,2026-W29,wanneer-herexamen,28,6 juli - 12 juli,Noord-Brabant,Den Bosch,1-4
2026-07-15,2026-W29,wanneer-herexamen,28,6 juli - 12 juli,Noord-Brabant,Eindhoven,1-4
2026-07-15,2026-W29,wanneer-herexamen,28,6 juli - 12 juli,Noord-Brabant,Mierlo,1-4
2026-07-15,2026-W29,wanneer-herexamen,28,6 juli - 12 juli,Noord-Holland,Hoorn,1-4
2026-07-15,2026-W29,wanneer-herexamen,28,6 juli - 12 juli,Noord-Holland,Den Helder,1-4
2026-07-15,2026-W29,wanneer-herexamen,28,6 juli - 12 juli,Noord-Holland,Alkmaar,1-4
2026-07-15,2026-W29,wanneer-herexamen,28,6 juli - 12 juli,Noord-Holland,Zaandam,1-4
2026-07-15,2026-W29,wanneer-herexamen,28,6 juli - 12 juli,Noord-Holland,Haarlem,1-4
2026-07-15,2026-W29,wanneer-herexamen,28,6 juli - 12 juli,Noord-Holland,Amsterdam,1-4
2026-07-15,2026-W29,wanneer-herexamen,28,6 juli - 12 juli,Overijssel,Zwolle,1-4
2026-07-15,2026-W29,wanneer-herexamen,28,6 juli - 12 juli,Overijssel,Almelo,1-4
2026-07-15,2026-W29,wanneer-herexamen,28,6 juli - 12 juli,Overijssel,Deventer,1-4
2026-07-15,2026-W29,wanneer-herexamen,28,6 juli - 12 juli,Overijssel,Hengelo,1-4
2026-07-15,2026-W29,wanneer-herexamen,28,6 juli - 12 juli,Utrecht,Utrecht,1-4
2026-07-15,2026-W29,wanneer-herexamen,28,6 juli - 12 juli,Utrecht,Eemnes,1-4
2026-07-15,2026-W29,wanneer-herexamen,28,6 juli - 12 juli,Utrecht,Leusden,1-4
2026-07-15,2026-W29,wanneer-herexamen,28,6 juli - 12 juli,Drenthe,Assen,1-4
2026-07-15,2026-W29,wanneer-herexamen,28,6 juli - 12 juli,Drenthe,Emmen,1-4
2026-07-15,2026-W29,wanneer-herexamen,28,6 juli - 12 juli,Drenthe,Hoogeveen,1-4
2026-07-15,2026-W29,wanneer-herexamen,28,6 juli - 12 juli,Drenthe,Meppel,1-4
2026-07-15,2026-W29,wanneer-praktijkexamen,28,6 juli - 12 juli,Zuid-Holland,Leiden,7
2026-07-15,2026-W29,wanneer-praktijkexamen,28,6 juli - 12 juli,Zuid-Holland,Zoetermeer,7
2026-07-15,2026-W29,wanneer-praktijkexamen,28,6 juli - 12 juli,Zuid-Holland,Rijswijk,7
2026-07-15,2026-W29,wanneer-praktijkexamen,28,6 juli - 12 juli,Zuid-Holland,Gouda,7
2026-07-15,2026-W29,wanneer-praktijkexamen,28,6 juli - 12 juli,Zuid-Holland,Schelluinen,7
2026-07-15,2026-W29,wanneer-praktijkexamen,28,6 juli - 12 juli,Zuid-Holland,Dordrecht,7
2026-07-15,2026-W29,wanneer-praktijkexamen,28,6 juli - 12 juli,Zuid-Holland,Rotterdam,7
2026-07-15,2026-W29,wanneer-praktijkexamen,28,6 juli - 12 juli,Zuid-Holland,Spijkenisse,7
2026-07-15,2026-W29,wanneer-praktijkexamen,28,6 juli - 12 juli,Zuid-Holland,Barendrecht,7
2026-07-15,2026-W29,wanneer-praktijkexamen,28,6 juli - 12 juli,Zeeland,Goes,6
2026-07-15,2026-W29,wanneer-praktijkexamen,28,6 juli - 12 juli,Zeeland,Vlissingen,7
2026-07-15,2026-W29,wanneer-praktijkexamen,28,6 juli - 12 juli,Zeeland,Terneuzen,6
2026-07-15,2026-W29,wanneer-praktijkexamen,28,6 juli - 12 juli,Flevoland,Emmeloord,7
2026-07-15,2026-W29,wanneer-praktijkexamen,28,6 juli - 12 juli,Friesland,Leeuwarden,7
2026-07-15,2026-W29,wanneer-praktijkexamen,28,6 juli - 12 juli,Friesland,Sneek,7
2026-07-15,2026-W29,wanneer-praktijkexamen,28,6 juli - 12 juli,Friesland,Heerenveen,5
2026-07-15,2026-W29,wanneer-praktijkexamen,28,6 juli - 12 juli,Gelderland,Harderwijk,7
2026-07-15,2026-W29,wanneer-praktijkexamen,28,6 juli - 12 juli,Gelderland,Arnhem,7
2026-07-15,2026-W29,wanneer-praktijkexamen,28,6 juli - 12 juli,Gelderland,Doetinchem,7
2026-07-15,2026-W29,wanneer-praktijkexamen,28,6 juli - 12 juli,Gelderland,Tiel,7
2026-07-15,2026-W29,wanneer-praktijkexamen,28,6 juli - 12 juli,Gelderland,Apeldoorn,7
2026-07-15,2026-W29,wanneer-praktijkexamen,28,6 juli - 12 juli,Gelderland,Nijmegen,7
2026-07-15,2026-W29,wanneer-praktijkexamen,28,6 juli - 12 juli,Groningen,Groningen,7
2026-07-15,2026-W29,wanneer-praktijkexamen,28,6 juli - 12 juli,Groningen,Winschoten,7
2026-07-15,2026-W29,wanneer-praktijkexamen,28,6 juli - 12 juli,Limburg,Kerkrade,7
2026-07-15,2026-W29,wanneer-praktijkexamen,28,6 juli - 12 juli,Limburg,Maastricht,7
2026-07-15,2026-W29,wanneer-praktijkexamen,28,6 juli - 12 juli,Limburg,Urmond,7
2026-07-15,2026-W29,wanneer-praktijkexamen,28,6 juli - 12 juli,Limburg,Venlo,7
2026-07-15,2026-W29,wanneer-praktijkexamen,28,6 juli - 12 juli,Limburg,Weert,7
2026-07-15,2026-W29,wanneer-praktijkexamen,28,6 juli - 12 juli,Limburg,Roermond,7
2026-07-15,2026-W29,wanneer-praktijkexamen,28,6 juli - 12 juli,Noord-Brabant,Breda,7
2026-07-15,2026-W29,wanneer-praktijkexamen,28,6 juli - 12 juli,Noord-Brabant,Berkel-Enschot,7
2026-07-15,2026-W29,wanneer-praktijkexamen,28,6 juli - 12 juli,Noord-Brabant,Bergen op Zoom,7
2026-07-15,2026-W29,wanneer-praktijkexamen,28,6 juli - 12 juli,Noord-Brabant,Den Bosch,8
2026-07-15,2026-W29,wanneer-praktijkexamen,28,6 juli - 12 juli,Noord-Brabant,Eindhoven,7
2026-07-15,2026-W29,wanneer-praktijkexamen,28,6 juli - 12 juli,Noord-Brabant,Mierlo,7
2026-07-15,2026-W29,wanneer-praktijkexamen,28,6 juli - 12 juli,Noord-Holland,Hoorn,7
2026-07-15,2026-W29,wanneer-praktijkexamen,28,6 juli - 12 juli,Noord-Holland,Den Helder,7
2026-07-15,2026-W29,wanneer-praktijkexamen,28,6 juli - 12 juli,Noord-Holland,Alkmaar,6
2026-07-15,2026-W29,wanneer-praktijkexamen,28,6 juli - 12 juli,Noord-Holland,Zaandam,7
2026-07-15,2026-W29,wanneer-praktijkexamen,28,6 juli - 12 juli,Noord-Holland,Haarlem,7
2026-07-15,2026-W29,wanneer-praktijkexamen,28,6 juli - 12 juli,Noord-Holland,Amsterdam,7
2026-07-15,2026-W29,wanneer-praktijkexamen,28,6 juli - 12 juli,Overijssel,Zwolle,7
2026-07-15,2026-W29,wanneer-praktijkexamen,28,6 juli - 12 juli,Overijssel,Almelo,7
2026-07-15,2026-W29,wanneer-praktijkexamen,28,6 juli - 12 juli,Overijssel,Deventer,7
2026-07-15,2026-W29,wanneer-praktijkexamen,28,6 juli - 12 juli,Overijssel,Hengelo,7
2026-07-15,2026-W29,wanneer-praktijkexamen,28,6 juli - 12 juli,Utrecht,Utrecht,7
2026-07-15,2026-W29,wanneer-praktijkexamen,28,6 juli - 12 juli,Utrecht,Eemnes,7
2026-07-15,2026-W29,wanneer-praktijkexamen,28,6 juli - 12 juli,Utrecht,Leusden,7
2026-07-15,2026-W29,wanneer-praktijkexamen,28,6 juli - 12 juli,Drenthe,Assen,4
2026-07-15,2026-W29,wanneer-praktijkexamen,28,6 juli - 12 juli,Drenthe,Emmen,7
2026-07-15,2026-W29,wanneer-praktijkexamen,28,6 juli - 12 juli,Drenthe,Hoogeveen,7
2026-07-15,2026-W29,wanneer-praktijkexamen,28,6 juli - 12 juli,Drenthe,Meppel,7
2026-07-15,2026-W29,wanneer-theorie-examen,28,6 juli - 12 juli,Drenthe,Hoogeveen,3
2026-07-15,2026-W29,wanneer-theorie-examen,28,6 juli - 12 juli,Friesland,Leeuwarden,2
2026-07-15,2026-W29,wanneer-theorie-examen,28,6 juli - 12 juli,Gelderland,Arnhem,1
2026-07-15,2026-W29,wanneer-theorie-examen,28,6 juli - 12 juli,Groningen,Groningen,2
2026-07-15,2026-W29,wanneer-theorie-examen,28,6 juli - 12 juli,Limburg,Venlo-Blerick,1
2026-07-15,2026-W29,wanneer-theorie-examen,28,6 juli - 12 juli,Limburg,Roermond,1
2026-07-15,2026-W29,wanneer-theorie-examen,28,6 juli - 12 juli,Noord-Brabant,Breda,1
2026-07-15,2026-W29,wanneer-theorie-examen,28,6 juli - 12 juli,Noord-Brabant,Eindhoven,2
2026-07-15,2026-W29,wanneer-theorie-examen,28,6 juli - 12 juli,Noord-Holland,Alkmaar,3
2026-07-15,2026-W29,wanneer-theorie-examen,28,6 juli - 12 juli,Noord-Holland,Haarlem,2
2026-07-15,2026-W29,wanneer-theorie-examen,28,6 juli - 12 juli,Noord-Holland,Amsterdam,1
2026-07-15,2026-W29,wanneer-theorie-examen,28,6 juli - 12 juli,Overijssel,Zwolle,2
2026-07-15,2026-W29,wanneer-theorie-examen,28,6 juli - 12 juli,Overijssel,Deventer,2
2026-07-15,2026-W29,wanneer-theorie-examen,28,6 juli - 12 juli,Overijssel,Hengelo,1
2026-07-15,2026-W29,wanneer-theorie-examen,28,6 juli - 12 juli,Utrecht,Utrecht,1
2026-07-15,2026-W29,wanneer-theorie-examen,28,6 juli - 12 juli,Utrecht,Leusden,1
2026-07-15,2026-W29,wanneer-theorie-examen,28,6 juli - 12 juli,Zeeland,Goes,2
2026-07-15,2026-W29,wanneer-theorie-examen,28,6 juli - 12 juli,Zuid-Holland,Barendrecht,1
2026-07-15,2026-W29,wanneer-theorie-examen,28,6 juli - 12 juli,Zuid-Holland,Schelluinen,1
2026-07-15,2026-W29,wanneer-theorie-examen,28,6 juli - 12 juli,Zuid-Holland,Rijswijk,2
2026-07-21,2026-W30,wanneer-praktijkexamen,29,13 juli - 19 juli,Zuid-Holland,Leiden,7
2026-07-21,2026-W30,wanneer-praktijkexamen,29,13 juli - 19 juli,Zuid-Holland,Zoetermeer,7
2026-07-21,2026-W30,wanneer-praktijkexamen,29,13 juli - 19 juli,Zuid-Holland,Rijswijk,7
2026-07-21,2026-W30,wanneer-praktijkexamen,29,13 juli - 19 juli,Zuid-Holland,Gouda,7
2026-07-21,2026-W30,wanneer-praktijkexamen,29,13 juli - 19 juli,Zuid-Holland,Schelluinen,7
2026-07-21,2026-W30,wanneer-praktijkexamen,29,13 juli - 19 juli,Zuid-Holland,Dordrecht,7
2026-07-21,2026-W30,wanneer-praktijkexamen,29,13 juli - 19 juli,Zuid-Holland,Rotterdam,7
2026-07-21,2026-W30,wanneer-praktijkexamen,29,13 juli - 19 juli,Zuid-Holland,Spijkenisse,7
2026-07-21,2026-W30,wanneer-praktijkexamen,29,13 juli - 19 juli,Zuid-Holland,Barendrecht,7
2026-07-21,2026-W30,wanneer-praktijkexamen,29,13 juli - 19 juli,Zeeland,Goes,5
2026-07-21,2026-W30,wanneer-praktijkexamen,29,13 juli - 19 juli,Zeeland,Vlissingen,7
2026-07-21,2026-W30,wanneer-praktijkexamen,29,13 juli - 19 juli,Zeeland,Terneuzen,6
2026-07-21,2026-W30,wanneer-praktijkexamen,29,13 juli - 19 juli,Flevoland,Emmeloord,7
2026-07-21,2026-W30,wanneer-praktijkexamen,29,13 juli - 19 juli,Friesland,Leeuwarden,7
2026-07-21,2026-W30,wanneer-praktijkexamen,29,13 juli - 19 juli,Friesland,Sneek,7
2026-07-21,2026-W30,wanneer-praktijkexamen,29,13 juli - 19 juli,Friesland,Heerenveen,6
2026-07-21,2026-W30,wanneer-praktijkexamen,29,13 juli - 19 juli,Gelderland,Harderwijk,7
2026-07-21,2026-W30,wanneer-praktijkexamen,29,13 juli - 19 juli,Gelderland,Arnhem,7
2026-07-21,2026-W30,wanneer-praktijkexamen,29,13 juli - 19 juli,Gelderland,Doetinchem,7
2026-07-21,2026-W30,wanneer-praktijkexamen,29,13 juli - 19 juli,Gelderland,Tiel,7
2026-07-21,2026-W30,wanneer-praktijkexamen,29,13 juli - 19 juli,Gelderland,Apeldoorn,7
2026-07-21,2026-W30,wanneer-praktijkexamen,29,13 juli - 19 juli,Gelderland,Nijmegen,7
2026-07-21,2026-W30,wanneer-praktijkexamen,29,13 juli - 19 juli,Groningen,Groningen,7
2026-07-21,2026-W30,wanneer-praktijkexamen,29,13 juli - 19 juli,Groningen,Winschoten,8
2026-07-21,2026-W30,wanneer-praktijkexamen,29,13 juli - 19 juli,Limburg,Kerkrade,7
2026-07-21,2026-W30,wanneer-praktijkexamen,29,13 juli - 19 juli,Limburg,Maastricht,7
2026-07-21,2026-W30,wanneer-praktijkexamen,29,13 juli - 19 juli,Limburg,Urmond,7
2026-07-21,2026-W30,wanneer-praktijkexamen,29,13 juli - 19 juli,Limburg,Venlo,7
2026-07-21,2026-W30,wanneer-praktijkexamen,29,13 juli - 19 juli,Limburg,Weert,6
2026-07-21,2026-W30,wanneer-praktijkexamen,29,13 juli - 19 juli,Limburg,Roermond,7
2026-07-21,2026-W30,wanneer-praktijkexamen,29,13 juli - 19 juli,Noord-Brabant,Breda,7
2026-07-21,2026-W30,wanneer-praktijkexamen,29,13 juli - 19 juli,Noord-Brabant,Berkel-Enschot,7
2026-07-21,2026-W30,wanneer-praktijkexamen,29,13 juli - 19 juli,Noord-Brabant,Bergen op Zoom,7
2026-07-21,2026-W30,wanneer-praktijkexamen,29,13 juli - 19 juli,Noord-Brabant,Den Bosch,7
2026-07-21,2026-W30,wanneer-praktijkexamen,29,13 juli - 19 juli,Noord-Brabant,Eindhoven,7
2026-07-21,2026-W30,wanneer-praktijkexamen,29,13 juli - 19 juli,Noord-Brabant,Mierlo,7
2026-07-21,2026-W30,wanneer-praktijkexamen,29,13 juli - 19 juli,Noord-Holland,Hoorn,6
2026-07-21,2026-W30,wanneer-praktijkexamen,29,13 juli - 19 juli,Noord-Holland,Den Helder,6
2026-07-21,2026-W30,wanneer-praktijkexamen,29,13 juli - 19 juli,Noord-Holland,Alkmaar,6
2026-07-21,2026-W30,wanneer-praktijkexamen,29,13 juli - 19 juli,Noord-Holland,Zaandam,7
2026-07-21,2026-W30,wanneer-praktijkexamen,29,13 juli - 19 juli,Noord-Holland,Haarlem,7
2026-07-21,2026-W30,wanneer-praktijkexamen,29,13 juli - 19 juli,Noord-Holland,Amsterdam,7
2026-07-21,2026-W30,wanneer-praktijkexamen,29,13 juli - 19 juli,Overijssel,Zwolle,6
2026-07-21,2026-W30,wanneer-praktijkexamen,29,13 juli - 19 juli,Overijssel,Almelo,7
2026-07-21,2026-W30,wanneer-praktijkexamen,29,13 juli - 19 juli,Overijssel,Deventer,7
2026-07-21,2026-W30,wanneer-praktijkexamen,29,13 juli - 19 juli,Overijssel,Hengelo,6
2026-07-21,2026-W30,wanneer-praktijkexamen,29,13 juli - 19 juli,Utrecht,Utrecht,7
2026-07-21,2026-W30,wanneer-praktijkexamen,29,13 juli - 19 juli,Utrecht,Eemnes,7
2026-07-21,2026-W30,wanneer-praktijkexamen,29,13 juli - 19 juli,Utrecht,Leusden,7
2026-07-21,2026-W30,wanneer-praktijkexamen,29,13 juli - 19 juli,Drenthe,Assen,4
2026-07-21,2026-W30,wanneer-praktijkexamen,29,13 juli - 19 juli,Drenthe,Emmen,7
2026-07-21,2026-W30,wanneer-praktijkexamen,29,13 juli - 19 juli,Drenthe,Hoogeveen,7
2026-07-21,2026-W30,wanneer-praktijkexamen,29,13 juli - 19 juli,Drenthe,Meppel,7
2026-07-21,2026-W30,wanneer-herexamen,29,13 juli - 19 juli,Zuid-Holland,Leiden,1-4
2026-07-21,2026-W30,wanneer-herexamen,29,13 juli - 19 juli,Zuid-Holland,Zoetermeer,5
2026-07-21,2026-W30,wanneer-herexamen,29,13 juli - 19 juli,Zuid-Holland,Rijswijk,5
2026-07-21,2026-W30,wanneer-herexamen,29,13 juli - 19 juli,Zuid-Holland,Gouda,1-4
2026-07-21,2026-W30,wanneer-herexamen,29,13 juli - 19 juli,Zuid-Holland,Schelluinen,1-4
2026-07-21,2026-W30,wanneer-herexamen,29,13 juli - 19 juli,Zuid-Holland,Dordrecht,5
2026-07-21,2026-W30,wanneer-herexamen,29,13 juli - 19 juli,Zuid-Holland,Rotterdam,5
2026-07-21,2026-W30,wanneer-herexamen,29,13 juli - 19 juli,Zuid-Holland,Spijkenisse,1-4
2026-07-21,2026-W30,wanneer-herexamen,29,13 juli - 19 juli,Zuid-Holland,Barendrecht,1-4
2026-07-21,2026-W30,wanneer-herexamen,29,13 juli - 19 juli,Zeeland,Goes,1-4
2026-07-21,2026-W30,wanneer-herexamen,29,13 juli - 19 juli,Zeeland,Vlissingen,1-4
2026-07-21,2026-W30,wanneer-herexamen,29,13 juli - 19 juli,Zeeland,Terneuzen,1-4
2026-07-21,2026-W30,wanneer-herexamen,29,13 juli - 19 juli,Flevoland,Emmeloord,1-4
2026-07-21,2026-W30,wanneer-herexamen,29,13 juli - 19 juli,Friesland,Leeuwarden,1-4
2026-07-21,2026-W30,wanneer-herexamen,29,13 juli - 19 juli,Friesland,Sneek,5
2026-07-21,2026-W30,wanneer-herexamen,29,13 juli - 19 juli,Friesland,Heerenveen,1-4
2026-07-21,2026-W30,wanneer-herexamen,29,13 juli - 19 juli,Gelderland,Harderwijk,1-4
2026-07-21,2026-W30,wanneer-herexamen,29,13 juli - 19 juli,Gelderland,Arnhem,1-4
2026-07-21,2026-W30,wanneer-herexamen,29,13 juli - 19 juli,Gelderland,Doetinchem,1-4
2026-07-21,2026-W30,wanneer-herexamen,29,13 juli - 19 juli,Gelderland,Tiel,1-4
2026-07-21,2026-W30,wanneer-herexamen,29,13 juli - 19 juli,Gelderland,Nijmegen,1-4
2026-07-21,2026-W30,wanneer-herexamen,29,13 juli - 19 juli,Gelderland,Apeldoorn,1-4
2026-07-21,2026-W30,wanneer-herexamen,29,13 juli - 19 juli,Groningen,Groningen,1-4
2026-07-21,2026-W30,wanneer-herexamen,29,13 juli - 19 juli,Groningen,Winschoten,1-4
2026-07-21,2026-W30,wanneer-herexamen,29,13 juli - 19 juli,Limburg,Kerkrade,1-4
2026-07-21,2026-W30,wanneer-herexamen,29,13 juli - 19 juli,Limburg,Maastricht,1-4
2026-07-21,2026-W30,wanneer-herexamen,29,13 juli - 19 juli,Limburg,Urmond,1-4
2026-07-21,2026-W30,wanneer-herexamen,29,13 juli - 19 juli,Limburg,Venlo,1-4
2026-07-21,2026-W30,wanneer-herexamen,29,13 juli - 19 juli,Limburg,Weert,1-4
2026-07-21,2026-W30,wanneer-herexamen,29,13 juli - 19 juli,Limburg,Roermond,1-4
2026-07-21,2026-W30,wanneer-herexamen,29,13 juli - 19 juli,Noord-Brabant,Breda,1-4
2026-07-21,2026-W30,wanneer-herexamen,29,13 juli - 19 juli,Noord-Brabant,Berkel-Enschot,1-4
2026-07-21,2026-W30,wanneer-herexamen,29,13 juli - 19 juli,Noord-Brabant,Bergen op Zoom,1-4
2026-07-21,2026-W30,wanneer-herexamen,29,13 juli - 19 juli,Noord-Brabant,Den Bosch,1-4
2026-07-21,2026-W30,wanneer-herexamen,29,13 juli - 19 juli,Noord-Brabant,Eindhoven,1-4
2026-07-21,2026-W30,wanneer-herexamen,29,13 juli - 19 juli,Noord-Brabant,Mierlo,1-4
2026-07-21,2026-W30,wanneer-herexamen,29,13 juli - 19 juli,Noord-Holland,Hoorn,1-4
2026-07-21,2026-W30,wanneer-herexamen,29,13 juli - 19 juli,Noord-Holland,Den Helder,1-4
2026-07-21,2026-W30,wanneer-herexamen,29,13 juli - 19 juli,Noord-Holland,Alkmaar,1-4
2026-07-21,2026-W30,wanneer-herexamen,29,13 juli - 19 juli,Noord-Holland,Zaandam,1-4
2026-07-21,2026-W30,wanneer-herexamen,29,13 juli - 19 juli,Noord-Holland,Haarlem,1-4
2026-07-21,2026-W30,wanneer-herexamen,29,13 juli - 19 juli,Noord-Holland,Amsterdam,1-4
2026-07-21,2026-W30,wanneer-herexamen,29,13 juli - 19 juli,Overijssel,Zwolle,1-4
2026-07-21,2026-W30,wanneer-herexamen,29,13 juli - 19 juli,Overijssel,Almelo,1-4
2026-07-21,2026-W30,wanneer-herexamen,29,13 juli - 19 juli,Overijssel,Deventer,1-4
2026-07-21,2026-W30,wanneer-herexamen,29,13 juli - 19 juli,Overijssel,Hengelo,1-4
2026-07-21,2026-W30,wanneer-herexamen,29,13 juli - 19 juli,Utrecht,Utrecht,1-4
2026-07-21,2026-W30,wanneer-herexamen,29,13 juli - 19 juli,Utrecht,Eemnes,5
2026-07-21,2026-W30,wanneer-herexamen,29,13 juli - 19 juli,Utrecht,Leusden,1-4
2026-07-21,2026-W30,wanneer-herexamen,29,13 juli - 19 juli,Drenthe,Assen,1-4
2026-07-21,2026-W30,wanneer-herexamen,29,13 juli - 19 juli,Drenthe,Emmen,1-4
2026-07-21,2026-W30,wanneer-herexamen,29,13 juli - 19 juli,Drenthe,Hoogeveen,1-4
2026-07-21,2026-W30,wanneer-herexamen,29,13 juli - 19 juli,Drenthe,Meppel,1-4
2026-07-21,2026-W30,wanneer-theorie-examen,29,13 juli - 19 juli,Drenthe,Hoogeveen,3
2026-07-21,2026-W30,wanneer-theorie-examen,29,13 juli - 19 juli,Friesland,Leeuwarden,1
2026-07-21,2026-W30,wanneer-theorie-examen,29,13 juli - 19 juli,Gelderland,Arnhem,2
2026-07-21,2026-W30,wanneer-theorie-examen,29,13 juli - 19 juli,Groningen,Groningen,2
2026-07-21,2026-W30,wanneer-theorie-examen,29,13 juli - 19 juli,Limburg,Venlo-Blerick,1
2026-07-21,2026-W30,wanneer-theorie-examen,29,13 juli - 19 juli,Limburg,Roermond,1
2026-07-21,2026-W30,wanneer-theorie-examen,29,13 juli - 19 juli,Noord-Brabant,Breda,1
2026-07-21,2026-W30,wanneer-theorie-examen,29,13 juli - 19 juli,Noord-Brabant,Eindhoven,2
2026-07-21,2026-W30,wanneer-theorie-examen,29,13 juli - 19 juli,Noord-Holland,Alkmaar,3
2026-07-21,2026-W30,wanneer-theorie-examen,29,13 juli - 19 juli,Noord-Holland,Haarlem,2
2026-07-21,2026-W30,wanneer-theorie-examen,29,13 juli - 19 juli,Noord-Holland,Amsterdam,2
2026-07-21,2026-W30,wanneer-theorie-examen,29,13 juli - 19 juli,Overijssel,Zwolle,3
2026-07-21,2026-W30,wanneer-theorie-examen,29,13 juli - 19 juli,Overijssel,Deventer,2
2026-07-21,2026-W30,wanneer-theorie-examen,29,13 juli - 19 juli,Overijssel,Hengelo,1
2026-07-21,2026-W30,wanneer-theorie-examen,29,13 juli - 19 juli,Utrecht,Utrecht,2
2026-07-21,2026-W30,wanneer-theorie-examen,29,13 juli - 19 juli,Utrecht,Leusden,2
2026-07-21,2026-W30,wanneer-theorie-examen,29,13 juli - 19 juli,Zeeland,Goes,2
2026-07-21,2026-W30,wanneer-theorie-examen,29,13 juli - 19 juli,Zuid-Holland,Barendrecht,2
2026-07-21,2026-W30,wanneer-theorie-examen,29,13 juli - 19 juli,Zuid-Holland,Schelluinen,1
2026-07-21,2026-W30,wanneer-theorie-examen,29,13 juli - 19 juli,Zuid-Holland,Rijswijk,2
2026-07-28,2026-W31,wanneer-praktijkexamen,30,20 juli - 26 juli,Zuid-Holland,Leiden,7
2026-07-28,2026-W31,wanneer-praktijkexamen,30,20 juli - 26 juli,Zuid-Holland,Zoetermeer,7
2026-07-28,2026-W31,wanneer-praktijkexamen,30,20 juli - 26 juli,Zuid-Holland,Rijswijk,7
2026-07-28,2026-W31,wanneer-praktijkexamen,30,20 juli - 26 juli,Zuid-Holland,Gouda,7
2026-07-28,2026-W31,wanneer-praktijkexamen,30,20 juli - 26 juli,Zuid-Holland,Schelluinen,8
2026-07-28,2026-W31,wanneer-praktijkexamen,30,20 juli - 26 juli,Zuid-Holland,Dordrecht,7
2026-07-28,2026-W31,wanneer-praktijkexamen,30,20 juli - 26 juli,Zuid-Holland,Rotterdam,7
2026-07-28,2026-W31,wanneer-praktijkexamen,30,20 juli - 26 juli,Zuid-Holland,Spijkenisse,7
2026-07-28,2026-W31,wanneer-praktijkexamen,30,20 juli - 26 juli,Zuid-Holland,Barendrecht,7
2026-07-28,2026-W31,wanneer-praktijkexamen,30,20 juli - 26 juli,Zeeland,Goes,5
2026-07-28,2026-W31,wanneer-praktijkexamen,30,20 juli - 26 juli,Zeeland,Vlissingen,7
2026-07-28,2026-W31,wanneer-praktijkexamen,30,20 juli - 26 juli,Zeeland,Terneuzen,7
2026-07-28,2026-W31,wanneer-praktijkexamen,30,20 juli - 26 juli,Flevoland,Emmeloord,7
2026-07-28,2026-W31,wanneer-praktijkexamen,30,20 juli - 26 juli,Friesland,Leeuwarden,7
2026-07-28,2026-W31,wanneer-praktijkexamen,30,20 juli - 26 juli,Friesland,Sneek,6
2026-07-28,2026-W31,wanneer-praktijkexamen,30,20 juli - 26 juli,Friesland,Heerenveen,5
2026-07-28,2026-W31,wanneer-praktijkexamen,30,20 juli - 26 juli,Gelderland,Harderwijk,6
2026-07-28,2026-W31,wanneer-praktijkexamen,30,20 juli - 26 juli,Gelderland,Arnhem,7
2026-07-28,2026-W31,wanneer-praktijkexamen,30,20 juli - 26 juli,Gelderland,Doetinchem,7
2026-07-28,2026-W31,wanneer-praktijkexamen,30,20 juli - 26 juli,Gelderland,Tiel,7
2026-07-28,2026-W31,wanneer-praktijkexamen,30,20 juli - 26 juli,Gelderland,Apeldoorn,7
2026-07-28,2026-W31,wanneer-praktijkexamen,30,20 juli - 26 juli,Gelderland,Nijmegen,7
2026-07-28,2026-W31,wanneer-praktijkexamen,30,20 juli - 26 juli,Groningen,Groningen,7
2026-07-28,2026-W31,wanneer-praktijkexamen,30,20 juli - 26 juli,Groningen,Winschoten,6
2026-07-28,2026-W31,wanneer-praktijkexamen,30,20 juli - 26 juli,Limburg,Kerkrade,7
2026-07-28,2026-W31,wanneer-praktijkexamen,30,20 juli - 26 juli,Limburg,Maastricht,6
2026-07-28,2026-W31,wanneer-praktijkexamen,30,20 juli - 26 juli,Limburg,Urmond,7
2026-07-28,2026-W31,wanneer-praktijkexamen,30,20 juli - 26 juli,Limburg,Venlo,6
2026-07-28,2026-W31,wanneer-praktijkexamen,30,20 juli - 26 juli,Limburg,Weert,7
2026-07-28,2026-W31,wanneer-praktijkexamen,30,20 juli - 26 juli,Limburg,Roermond,6
2026-07-28,2026-W31,wanneer-praktijkexamen,30,20 juli - 26 juli,Noord-Brabant,Breda,7
2026-07-28,2026-W31,wanneer-praktijkexamen,30,20 juli - 26 juli,Noord-Brabant,Berkel-Enschot,7
2026-07-28,2026-W31,wanneer-praktijkexamen,30,20 juli - 26 juli,Noord-Brabant,Bergen op Zoom,7
2026-07-28,2026-W31,wanneer-praktijkexamen,30,20 juli - 26 juli,Noord-Brabant,Den Bosch,7
2026-07-28,2026-W31,wanneer-praktijkexamen,30,20 juli - 26 juli,Noord-Brabant,Eindhoven,7
2026-07-28,2026-W31,wanneer-praktijkexamen,30,20 juli - 26 juli,Noord-Brabant,Mierlo,7
2026-07-28,2026-W31,wanneer-praktijkexamen,30,20 juli - 26 juli,Noord-Holland,Hoorn,7
2026-07-28,2026-W31,wanneer-praktijkexamen,30,20 juli - 26 juli,Noord-Holland,Den Helder,6
2026-07-28,2026-W31,wanneer-praktijkexamen,30,20 juli - 26 juli,Noord-Holland,Alkmaar,6
2026-07-28,2026-W31,wanneer-praktijkexamen,30,20 juli - 26 juli,Noord-Holland,Zaandam,7
2026-07-28,2026-W31,wanneer-praktijkexamen,30,20 juli - 26 juli,Noord-Holland,Haarlem,6
2026-07-28,2026-W31,wanneer-praktijkexamen,30,20 juli - 26 juli,Noord-Holland,Amsterdam,7
2026-07-28,2026-W31,wanneer-praktijkexamen,30,20 juli - 26 juli,Overijssel,Zwolle,7
2026-07-28,2026-W31,wanneer-praktijkexamen,30,20 juli - 26 juli,Overijssel,Almelo,6
2026-07-28,2026-W31,wanneer-praktijkexamen,30,20 juli - 26 juli,Overijssel,Deventer,6
2026-07-28,2026-W31,wanneer-praktijkexamen,30,20 juli - 26 juli,Overijssel,Hengelo,6
2026-07-28,2026-W31,wanneer-praktijkexamen,30,20 juli - 26 juli,Utrecht,Utrecht,7
2026-07-28,2026-W31,wanneer-praktijkexamen,30,20 juli - 26 juli,Utrecht,Eemnes,7
2026-07-28,2026-W31,wanneer-praktijkexamen,30,20 juli - 26 juli,Utrecht,Leusden,6
2026-07-28,2026-W31,wanneer-praktijkexamen,30,20 juli - 26 juli,Drenthe,Assen,5
2026-07-28,2026-W31,wanneer-praktijkexamen,30,20 juli - 26 juli,Drenthe,Emmen,7
2026-07-28,2026-W31,wanneer-praktijkexamen,30,20 juli - 26 juli,Drenthe,Hoogeveen,7
2026-07-28,2026-W31,wanneer-praktijkexamen,30,20 juli - 26 juli,Drenthe,Meppel,6
2026-07-28,2026-W31,wanneer-herexamen,30,20 juli - 26 juli,Zuid-Holland,Leiden,5
2026-07-28,2026-W31,wanneer-herexamen,30,20 juli - 26 juli,Zuid-Holland,Zoetermeer,5
2026-07-28,2026-W31,wanneer-herexamen,30,20 juli - 26 juli,Zuid-Holland,Rijswijk,5
2026-07-28,2026-W31,wanneer-herexamen,30,20 juli - 26 juli,Zuid-Holland,Gouda,1-4
2026-07-28,2026-W31,wanneer-herexamen,30,20 juli - 26 juli,Zuid-Holland,Schelluinen,1-4
2026-07-28,2026-W31,wanneer-herexamen,30,20 juli - 26 juli,Zuid-Holland,Dordrecht,1-4
2026-07-28,2026-W31,wanneer-herexamen,30,20 juli - 26 juli,Zuid-Holland,Rotterdam,5
2026-07-28,2026-W31,wanneer-herexamen,30,20 juli - 26 juli,Zuid-Holland,Spijkenisse,1-4
2026-07-28,2026-W31,wanneer-herexamen,30,20 juli - 26 juli,Zuid-Holland,Barendrecht,1-4
2026-07-28,2026-W31,wanneer-herexamen,30,20 juli - 26 juli,Zeeland,Goes,1-4
2026-07-28,2026-W31,wanneer-herexamen,30,20 juli - 26 juli,Zeeland,Vlissingen,1-4
2026-07-28,2026-W31,wanneer-herexamen,30,20 juli - 26 juli,Zeeland,Terneuzen,1-4
2026-07-28,2026-W31,wanneer-herexamen,30,20 juli - 26 juli,Flevoland,Emmeloord,5
2026-07-28,2026-W31,wanneer-herexamen,30,20 juli - 26 juli,Friesland,Leeuwarden,1-4
2026-07-28,2026-W31,wanneer-herexamen,30,20 juli - 26 juli,Friesland,Sneek,1-4
2026-07-28,2026-W31,wanneer-herexamen,30,20 juli - 26 juli,Friesland,Heerenveen,1-4
2026-07-28,2026-W31,wanneer-herexamen,30,20 juli - 26 juli,Gelderland,Harderwijk,1-4
2026-07-28,2026-W31,wanneer-herexamen,30,20 juli - 26 juli,Gelderland,Arnhem,1-4
2026-07-28,2026-W31,wanneer-herexamen,30,20 juli - 26 juli,Gelderland,Doetinchem,1-4
2026-07-28,2026-W31,wanneer-herexamen,30,20 juli - 26 juli,Gelderland,Tiel,1-4
2026-07-28,2026-W31,wanneer-herexamen,30,20 juli - 26 juli,Gelderland,Nijmegen,1-4
2026-07-28,2026-W31,wanneer-herexamen,30,20 juli - 26 juli,Gelderland,Apeldoorn,1-4
2026-07-28,2026-W31,wanneer-herexamen,30,20 juli - 26 juli,Groningen,Groningen,1-4
2026-07-28,2026-W31,wanneer-herexamen,30,20 juli - 26 juli,Groningen,Winschoten,1-4
2026-07-28,2026-W31,wanneer-herexamen,30,20 juli - 26 juli,Limburg,Kerkrade,1-4
2026-07-28,2026-W31,wanneer-herexamen,30,20 juli - 26 juli,Limburg,Maastricht,1-4
2026-07-28,2026-W31,wanneer-herexamen,30,20 juli - 26 juli,Limburg,Urmond,1-4
2026-07-28,2026-W31,wanneer-herexamen,30,20 juli - 26 juli,Limburg,Venlo,1-4
2026-07-28,2026-W31,wanneer-herexamen,30,20 juli - 26 juli,Limburg,Weert,1-4
2026-07-28,2026-W31,wanneer-herexamen,30,20 juli - 26 juli,Limburg,Roermond,1-4
2026-07-28,2026-W31,wanneer-herexamen,30,20 juli - 26 juli,Noord-Brabant,Breda,1-4
2026-07-28,2026-W31,wanneer-herexamen,30,20 juli - 26 juli,Noord-Brabant,Berkel-Enschot,1-4
2026-07-28,2026-W31,wanneer-herexamen,30,20 juli - 26 juli,Noord-Brabant,Bergen op Zoom,1-4
2026-07-28,2026-W31,wanneer-herexamen,30,20 juli - 26 juli,Noord-Brabant,Den Bosch,1-4
2026-07-28,2026-W31,wanneer-herexamen,30,20 juli - 26 juli,Noord-Brabant,Eindhoven,1-4
2026-07-28,2026-W31,wanneer-herexamen,30,20 juli - 26 juli,Noord-Brabant,Mierlo,1-4
2026-07-28,2026-W31,wanneer-herexamen,30,20 juli - 26 juli,Noord-Holland,Hoorn,1-4
2026-07-28,2026-W31,wanneer-herexamen,30,20 juli - 26 juli,Noord-Holland,Den Helder,1-4
2026-07-28,2026-W31,wanneer-herexamen,30,20 juli - 26 juli,Noord-Holland,Alkmaar,1-4
2026-07-28,2026-W31,wanneer-herexamen,30,20 juli - 26 juli,Noord-Holland,Zaandam,1-4
2026-07-28,2026-W31,wanneer-herexamen,30,20 juli - 26 juli,Noord-Holland,Haarlem,1-4
2026-07-28,2026-W31,wanneer-herexamen,30,20 juli - 26 juli,Noord-Holland,Amsterdam,1-4
2026-07-28,2026-W31,wanneer-herexamen,30,20 juli - 26 juli,Overijssel,Zwolle,1-4
2026-07-28,2026-W31,wanneer-herexamen,30,20 juli - 26 juli,Overijssel,Almelo,1-4
2026-07-28,2026-W31,wanneer-herexamen,30,20 juli - 26 juli,Overijssel,Deventer,1-4
2026-07-28,2026-W31,wanneer-herexamen,30,20 juli - 26 juli,Overijssel,Hengelo,1-4
2026-07-28,2026-W31,wanneer-herexamen,30,20 juli - 26 juli,Utrecht,Utrecht,5
2026-07-28,2026-W31,wanneer-herexamen,30,20 juli - 26 juli,Utrecht,Eemnes,1-4
2026-07-28,2026-W31,wanneer-herexamen,30,20 juli - 26 juli,Utrecht,Leusden,1-4
2026-07-28,2026-W31,wanneer-herexamen,30,20 juli - 26 juli,Drenthe,Assen,1-4
2026-07-28,2026-W31,wanneer-herexamen,30,20 juli - 26 juli,Drenthe,Emmen,1-4
2026-07-28,2026-W31,wanneer-herexamen,30,20 juli - 26 juli,Drenthe,Hoogeveen,1-4
2026-07-28,2026-W31,wanneer-herexamen,30,20 juli - 26 juli,Drenthe,Meppel,1-4
2026-07-28,2026-W31,wanneer-theorie-examen,30,20 juli - 26 juli,Drenthe,Hoogeveen,2
2026-07-28,2026-W31,wanneer-theorie-examen,30,20 juli - 26 juli,Friesland,Leeuwarden,1
2026-07-28,2026-W31,wanneer-theorie-examen,30,20 juli - 26 juli,Gelderland,Arnhem,2
2026-07-28,2026-W31,wanneer-theorie-examen,30,20 juli - 26 juli,Groningen,Groningen,2
2026-07-28,2026-W31,wanneer-theorie-examen,30,20 juli - 26 juli,Limburg,Venlo-Blerick,1
2026-07-28,2026-W31,wanneer-theorie-examen,30,20 juli - 26 juli,Limburg,Roermond,1
2026-07-28,2026-W31,wanneer-theorie-examen,30,20 juli - 26 juli,Noord-Brabant,Breda,1
2026-07-28,2026-W31,wanneer-theorie-examen,30,20 juli - 26 juli,Noord-Brabant,Eindhoven,2
2026-07-28,2026-W31,wanneer-theorie-examen,30,20 juli - 26 juli,Noord-Holland,Alkmaar,3
2026-07-28,2026-W31,wanneer-theorie-examen,30,20 juli - 26 juli,Noord-Holland,Haarlem,2
2026-07-28,2026-W31,wanneer-theorie-examen,30,20 juli - 26 juli,Noord-Holland,Amsterdam,2
2026-07-28,2026-W31,wanneer-theorie-examen,30,20 juli - 26 juli,Overijssel,Zwolle,2
2026-07-28,2026-W31,wanneer-theorie-examen,30,20 juli - 26 juli,Overijssel,Deventer,2
2026-07-28,2026-W31,wanneer-theorie-examen,30,20 juli - 26 juli,Overijssel,Hengelo,1
2026-07-28,2026-W31,wanneer-theorie-examen,30,20 juli - 26 juli,Utrecht,Utrecht,2
2026-07-28,2026-W31,wanneer-theorie-examen,30,20 juli - 26 juli,Utrecht,Leusden,2
2026-07-28,2026-W31,wanneer-theorie-examen,30,20 juli - 26 juli,Zeeland,Goes,1
2026-07-28,2026-W31,wanneer-theorie-examen,30,20 juli - 26 juli,Zuid-Holland,Barendrecht,2
2026-07-28,2026-W31,wanneer-theorie-examen,30,20 juli - 26 juli,Zuid-Holland,Schelluinen,1
2026-07-28,2026-W31,wanneer-theorie-examen,30,20 juli - 26 juli,Zuid-Holland,Rijswijk,2
2026-08-04,2026-W32,wanneer-praktijkexamen,31,27 juli - 2 augustus,Zuid-Holland,Leiden,6
2026-08-04,2026-W32,wanneer-praktijkexamen,31,27 juli - 2 augustus,Zuid-Holland,Zoetermeer,6
2026-08-04,2026-W32,wanneer-praktijkexamen,31,27 juli - 2 augustus,Zuid-Holland,Rijswijk,6
2026-08-04,2026-W32,wanneer-praktijkexamen,31,27 juli - 2 augustus,Zuid-Holland,Gouda,6
2026-08-04,2026-W32,wanneer-praktijkexamen,31,27 juli - 2 augustus,Zuid-Holland,Schelluinen,6
2026-08-04,2026-W32,wanneer-praktijkexamen,31,27 juli - 2 augustus,Zuid-Holland,Dordrecht,6
2026-08-04,2026-W32,wanneer-praktijkexamen,31,27 juli - 2 augustus,Zuid-Holland,Rotterdam,7
2026-08-04,2026-W32,wanneer-praktijkexamen,31,27 juli - 2 augustus,Zuid-Holland,Spijkenisse,6
2026-08-04,2026-W32,wanneer-praktijkexamen,31,27 juli - 2 augustus,Zuid-Holland,Barendrecht,6
2026-08-04,2026-W32,wanneer-praktijkexamen,31,27 juli - 2 augustus,Zeeland,Goes,1-4
2026-08-04,2026-W32,wanneer-praktijkexamen,31,27 juli - 2 augustus,Zeeland,Vlissingen,6
2026-08-04,2026-W32,wanneer-praktijkexamen,31,27 juli - 2 augustus,Zeeland,Terneuzen,6
2026-08-04,2026-W32,wanneer-praktijkexamen,31,27 juli - 2 augustus,Flevoland,Emmeloord,7
2026-08-04,2026-W32,wanneer-praktijkexamen,31,27 juli - 2 augustus,Friesland,Leeuwarden,6
2026-08-04,2026-W32,wanneer-praktijkexamen,31,27 juli - 2 augustus,Friesland,Sneek,5
2026-08-04,2026-W32,wanneer-praktijkexamen,31,27 juli - 2 augustus,Friesland,Heerenveen,5
2026-08-04,2026-W32,wanneer-praktijkexamen,31,27 juli - 2 augustus,Gelderland,Harderwijk,6
2026-08-04,2026-W32,wanneer-praktijkexamen,31,27 juli - 2 augustus,Gelderland,Arnhem,6
2026-08-04,2026-W32,wanneer-praktijkexamen,31,27 juli - 2 augustus,Gelderland,Doetinchem,6
2026-08-04,2026-W32,wanneer-praktijkexamen,31,27 juli - 2 augustus,Gelderland,Tiel,6
2026-08-04,2026-W32,wanneer-praktijkexamen,31,27 juli - 2 augustus,Gelderland,Apeldoorn,6
2026-08-04,2026-W32,wanneer-praktijkexamen,31,27 juli - 2 augustus,Gelderland,Nijmegen,6
2026-08-04,2026-W32,wanneer-praktijkexamen,31,27 juli - 2 augustus,Groningen,Groningen,6
2026-08-04,2026-W32,wanneer-praktijkexamen,31,27 juli - 2 augustus,Groningen,Winschoten,6
2026-08-04,2026-W32,wanneer-praktijkexamen,31,27 juli - 2 augustus,Limburg,Kerkrade,6
2026-08-04,2026-W32,wanneer-praktijkexamen,31,27 juli - 2 augustus,Limburg,Maastricht,6
2026-08-04,2026-W32,wanneer-praktijkexamen,31,27 juli - 2 augustus,Limburg,Urmond,6
2026-08-04,2026-W32,wanneer-praktijkexamen,31,27 juli - 2 augustus,Limburg,Venlo,6
2026-08-04,2026-W32,wanneer-praktijkexamen,31,27 juli - 2 augustus,Limburg,Weert,6
2026-08-04,2026-W32,wanneer-praktijkexamen,31,27 juli - 2 augustus,Limburg,Roermond,6
2026-08-04,2026-W32,wanneer-praktijkexamen,31,27 juli - 2 augustus,Noord-Brabant,Breda,6
2026-08-04,2026-W32,wanneer-praktijkexamen,31,27 juli - 2 augustus,Noord-Brabant,Berkel-Enschot,6
2026-08-04,2026-W32,wanneer-praktijkexamen,31,27 juli - 2 augustus,Noord-Brabant,Bergen op Zoom,6
2026-08-04,2026-W32,wanneer-praktijkexamen,31,27 juli - 2 augustus,Noord-Brabant,Den Bosch,6
2026-08-04,2026-W32,wanneer-praktijkexamen,31,27 juli - 2 augustus,Noord-Brabant,Eindhoven,6
2026-08-04,2026-W32,wanneer-praktijkexamen,31,27 juli - 2 augustus,Noord-Brabant,Mierlo,6
2026-08-04,2026-W32,wanneer-praktijkexamen,31,27 juli - 2 augustus,Noord-Holland,Hoorn,6
2026-08-04,2026-W32,wanneer-praktijkexamen,31,27 juli - 2 augustus,Noord-Holland,Den Helder,5
2026-08-04,2026-W32,wanneer-praktijkexamen,31,27 juli - 2 augustus,Noord-Holland,Alkmaar,6
2026-08-04,2026-W32,wanneer-praktijkexamen,31,27 juli - 2 augustus,Noord-Holland,Zaandam,5
2026-08-04,2026-W32,wanneer-praktijkexamen,31,27 juli - 2 augustus,Noord-Holland,Haarlem,6
2026-08-04,2026-W32,wanneer-praktijkexamen,31,27 juli - 2 augustus,Noord-Holland,Amsterdam,6
2026-08-04,2026-W32,wanneer-praktijkexamen,31,27 juli - 2 augustus,Overijssel,Zwolle,6
2026-08-04,2026-W32,wanneer-praktijkexamen,31,27 juli - 2 augustus,Overijssel,Almelo,6
2026-08-04,2026-W32,wanneer-praktijkexamen,31,27 juli - 2 augustus,Overijssel,Deventer,6
2026-08-04,2026-W32,wanneer-praktijkexamen,31,27 juli - 2 augustus,Overijssel,Hengelo,6
2026-08-04,2026-W32,wanneer-praktijkexamen,31,27 juli - 2 augustus,Utrecht,Utrecht,7
2026-08-04,2026-W32,wanneer-praktijkexamen,31,27 juli - 2 augustus,Utrecht,Eemnes,6
2026-08-04,2026-W32,wanneer-praktijkexamen,31,27 juli - 2 augustus,Utrecht,Leusden,6
2026-08-04,2026-W32,wanneer-praktijkexamen,31,27 juli - 2 augustus,Drenthe,Assen,5
2026-08-04,2026-W32,wanneer-praktijkexamen,31,27 juli - 2 augustus,Drenthe,Emmen,7
2026-08-04,2026-W32,wanneer-praktijkexamen,31,27 juli - 2 augustus,Drenthe,Hoogeveen,6
2026-08-04,2026-W32,wanneer-praktijkexamen,31,27 juli - 2 augustus,Drenthe,Meppel,5
2026-08-04,2026-W32,wanneer-herexamen,31,27 juli - 2 augustus,Zuid-Holland,Leiden,1-4
2026-08-04,2026-W32,wanneer-herexamen,31,27 juli - 2 augustus,Zuid-Holland,Zoetermeer,1-4
2026-08-04,2026-W32,wanneer-herexamen,31,27 juli - 2 augustus,Zuid-Holland,Rijswijk,1-4
2026-08-04,2026-W32,wanneer-herexamen,31,27 juli - 2 augustus,Zuid-Holland,Gouda,1-4
2026-08-04,2026-W32,wanneer-herexamen,31,27 juli - 2 augustus,Zuid-Holland,Schelluinen,1-4
2026-08-04,2026-W32,wanneer-herexamen,31,27 juli - 2 augustus,Zuid-Holland,Dordrecht,1-4
2026-08-04,2026-W32,wanneer-herexamen,31,27 juli - 2 augustus,Zuid-Holland,Rotterdam,1-4
2026-08-04,2026-W32,wanneer-herexamen,31,27 juli - 2 augustus,Zuid-Holland,Spijkenisse,1-4
2026-08-04,2026-W32,wanneer-herexamen,31,27 juli - 2 augustus,Zuid-Holland,Barendrecht,1-4
2026-08-04,2026-W32,wanneer-herexamen,31,27 juli - 2 augustus,Zeeland,Goes,1-4
2026-08-04,2026-W32,wanneer-herexamen,31,27 juli - 2 augustus,Zeeland,Vlissingen,1-4
2026-08-04,2026-W32,wanneer-herexamen,31,27 juli - 2 augustus,Zeeland,Terneuzen,1-4
2026-08-04,2026-W32,wanneer-herexamen,31,27 juli - 2 augustus,Flevoland,Emmeloord,1-4
2026-08-04,2026-W32,wanneer-herexamen,31,27 juli - 2 augustus,Friesland,Leeuwarden,1-4
2026-08-04,2026-W32,wanneer-herexamen,31,27 juli - 2 augustus,Friesland,Sneek,1-4
2026-08-04,2026-W32,wanneer-herexamen,31,27 juli - 2 augustus,Friesland,Heerenveen,1-4
2026-08-04,2026-W32,wanneer-herexamen,31,27 juli - 2 augustus,Gelderland,Harderwijk,1-4
2026-08-04,2026-W32,wanneer-herexamen,31,27 juli - 2 augustus,Gelderland,Arnhem,1-4
2026-08-04,2026-W32,wanneer-herexamen,31,27 juli - 2 augustus,Gelderland,Doetinchem,1-4
2026-08-04,2026-W32,wanneer-herexamen,31,27 juli - 2 augustus,Gelderland,Tiel,1-4
2026-08-04,2026-W32,wanneer-herexamen,31,27 juli - 2 augustus,Gelderland,Nijmegen,1-4
2026-08-04,2026-W32,wanneer-herexamen,31,27 juli - 2 augustus,Gelderland,Apeldoorn,1-4
2026-08-04,2026-W32,wanneer-herexamen,31,27 juli - 2 augustus,Groningen,Groningen,1-4
2026-08-04,2026-W32,wanneer-herexamen,31,27 juli - 2 augustus,Groningen,Winschoten,1-4
2026-08-04,2026-W32,wanneer-herexamen,31,27 juli - 2 augustus,Limburg,Kerkrade,1-4
2026-08-04,2026-W32,wanneer-herexamen,31,27 juli - 2 augustus,Limburg,Maastricht,1-4
2026-08-04,2026-W32,wanneer-herexamen,31,27 juli - 2 augustus,Limburg,Urmond,1-4
2026-08-04,2026-W32,wanneer-herexamen,31,27 juli - 2 augustus,Limburg,Venlo,1-4
2026-08-04,2026-W32,wanneer-herexamen,31,27 juli - 2 augustus,Limburg,Weert,1-4
2026-08-04,2026-W32,wanneer-herexamen,31,27 juli - 2 augustus,Limburg,Roermond,1-4
2026-08-04,2026-W32,wanneer-herexamen,31,27 juli - 2 augustus,Noord-Brabant,Breda,1-4
2026-08-04,2026-W32,wanneer-herexamen,31,27 juli - 2 augustus,Noord-Brabant,Berkel-Enschot,1-4
2026-08-04,2026-W32,wanneer-herexamen,31,27 juli - 2 augustus,Noord-Brabant,Bergen op Zoom,1-4
2026-08-04,2026-W32,wanneer-herexamen,31,27 juli - 2 augustus,Noord-Brabant,Den Bosch,1-4
2026-08-04,2026-W32,wanneer-herexamen,31,27 juli - 2 augustus,Noord-Brabant,Eindhoven,1-4
2026-08-04,2026-W32,wanneer-herexamen,31,27 juli - 2 augustus,Noord-Brabant,Mierlo,1-4
2026-08-04,2026-W32,wanneer-herexamen,31,27 juli - 2 augustus,Noord-Holland,Hoorn,1-4
2026-08-04,2026-W32,wanneer-herexamen,31,27 juli - 2 augustus,Noord-Holland,Den Helder,1-4
2026-08-04,2026-W32,wanneer-herexamen,31,27 juli - 2 augustus,Noord-Holland,Alkmaar,1-4
2026-08-04,2026-W32,wanneer-herexamen,31,27 juli - 2 augustus,Noord-Holland,Zaandam,1-4
2026-08-04,2026-W32,wanneer-herexamen,31,27 juli - 2 augustus,Noord-Holland,Haarlem,1-4
2026-08-04,2026-W32,wanneer-herexamen,31,27 juli - 2 augustus,Noord-Holland,Amsterdam,1-4
2026-08-04,2026-W32,wanneer-herexamen,31,27 juli - 2 augustus,Overijssel,Zwolle,1-4
2026-08-04,2026-W32,wanneer-herexamen,31,27 juli - 2 augustus,Overijssel,Almelo,1-4
2026-08-04,2026-W32,wanneer-herexamen,31,27 juli - 2 augustus,Overijssel,Deventer,5
2026-08-04,2026-W32,wanneer-herexamen,31,27 juli - 2 augustus,Overijssel,Hengelo,1-4
2026-08-04,2026-W32,wanneer-herexamen,31,27 juli - 2 augustus,Utrecht,Utrecht,1-4
2026-08-04,2026-W32,wanneer-herexamen,31,27 juli - 2 augustus,Utrecht,Eemnes,1-4
2026-08-04,2026-W32,wanneer-herexamen,31,27 juli - 2 augustus,Utrecht,Leusden,1-4
2026-08-04,2026-W32,wanneer-herexamen,31,27 juli - 2 augustus,Drenthe,Assen,1-4
2026-08-04,2026-W32,wanneer-herexamen,31,27 juli - 2 augustus,Drenthe,Emmen,1-4
2026-08-04,2026-W32,wanneer-herexamen,31,27 juli - 2 augustus,Drenthe,Hoogeveen,1-4
2026-08-04,2026-W32,wanneer-herexamen,31,27 juli - 2 augustus,Drenthe,Meppel,1-4
2026-08-04,2026-W32,wanneer-theorie-examen,31,27 juli - 2 augustus,Drenthe,Hoogeveen,1
2026-08-04,2026-W32,wanneer-theorie-examen,31,27 juli - 2 augustus,Friesland,Leeuwarden,1
2026-08-04,2026-W32,wanneer-theorie-examen,31,27 juli - 2 augustus,Gelderland,Arnhem,2
2026-08-04,2026-W32,wanneer-theorie-examen,31,27 juli - 2 augustus,Groningen,Groningen,2
2026-08-04,2026-W32,wanneer-theorie-examen,31,27 juli - 2 augustus,Limburg,Venlo-Blerick,1
2026-08-04,2026-W32,wanneer-theorie-examen,31,27 juli - 2 augustus,Limburg,Roermond,1
2026-08-04,2026-W32,wanneer-theorie-examen,31,27 juli - 2 augustus,Noord-Brabant,Breda,1
2026-08-04,2026-W32,wanneer-theorie-examen,31,27 juli - 2 augustus,Noord-Brabant,Eindhoven,1
2026-08-04,2026-W32,wanneer-theorie-examen,31,27 juli - 2 augustus,Noord-Holland,Alkmaar,2
2026-08-04,2026-W32,wanneer-theorie-examen,31,27 juli - 2 augustus,Noord-Holland,Haarlem,3
2026-08-04,2026-W32,wanneer-theorie-examen,31,27 juli - 2 augustus,Noord-Holland,Amsterdam,2
2026-08-04,2026-W32,wanneer-theorie-examen,31,27 juli - 2 augustus,Overijssel,Zwolle,3
2026-08-04,2026-W32,wanneer-theorie-examen,31,27 juli - 2 augustus,Overijssel,Deventer,2
2026-08-04,2026-W32,wanneer-theorie-examen,31,27 juli - 2 augustus,Overijssel,Hengelo,1
2026-08-04,2026-W32,wanneer-theorie-examen,31,27 juli - 2 augustus,Utrecht,Utrecht,2
2026-08-04,2026-W32,wanneer-theorie-examen,31,27 juli - 2 augustus,Utrecht,Leusden,2
2026-08-04,2026-W32,wanneer-theorie-examen,31,27 juli - 2 augustus,Zeeland,Goes,3
2026-08-04,2026-W32,wanneer-theorie-examen,31,27 juli - 2 augustus,Zuid-Holland,Barendrecht,2
2026-08-04,2026-W32,wanneer-theorie-examen,31,27 juli - 2 augustus,Zuid-Holland,Schelluinen,1
2026-08-04,2026-W32,wanneer-theorie-examen,31,27 juli - 2 augustus,Zuid-Holland,Rijswijk,2
